{"names": ["北京市天通苑北地铁站", "中国科学技术馆", "北京大学未名湖", "北京大学西门", "北京大学图书馆", "天坛", "北京市宋家庄地铁站"], "locations": [[116.43347438753838, 40.089068261747656], [116.40489765693599, 40.01215032339071], [116.31678483237665, 39.9989695291454], [116.31094478549183, 40.00065607217352], [116.31704538177138, 39.99789090085952], [116.41709469466895, 39.886440788033624], [116.4472312027505, 39.85621713793232]], "transfer_points": [[[116.43255712993, 40.08948100641], [116.4276613649, 40.089563804012], [116.4266013644, 40.089584503397], [116.42607136415, 40.089660401086], [116.42571204194, 40.089688000225], [116.42529882141, 40.089708699571], [116.42455322783, 40.089819095979], [116.42443644812, 40.089839795286], [116.42394238009, 40.089908792928], [116.42303509152, 40.090046788], [116.42268475237, 40.090095086209], [116.42222661656, 40.09016408359], [116.42086119219, 40.0903227773], [116.4208791583, 40.090184782791], [116.42088814135, 40.089998489757], [116.42088814135, 40.089894993405], [116.42089712441, 40.089784597121], [116.42089712441, 40.089743198468], [116.42099593801, 40.089577603603], [116.42103187024, 40.089508605622], [116.42102288718, 40.088929019803], [116.42103187024, 40.088853121292], [116.42102288718, 40.088556426293], [116.42102288718, 40.088397728432], [116.42101390412, 40.088225230335], [116.42094203968, 40.087611133533], [116.42071746331, 40.085968914652], [116.42059170054, 40.085727408507], [116.42049288693, 40.085727408507], [116.42040305638, 40.085734308695], [116.42028627666, 40.085755009253], [116.42004373417, 40.085761909438], [116.41975627641, 40.083795328261], [116.4197383103, 40.083678021609], [116.41958559836, 40.082939675065], [116.41951373392, 40.082573949022], [116.41950475087, 40.082525645434], [116.41946881865, 40.082318629667], [116.41942390337, 40.082118513822], [116.41928017449, 40.082139215488], [116.41924424227, 40.081980502549], [116.41924424227, 40.081876993909], [116.41928017449, 40.081801087473], [116.4192172931, 40.081469858388], [116.41922627616, 40.081469858388], [116.41922627616, 40.08147675901], [116.41874119118, 40.07857153461], [116.41874119118, 40.077667508181], [116.4199988189, 40.062269597694], [116.41995390362, 40.061089245536], [116.41959458142, 40.060309235431], [116.41878610646, 40.059308324325], [116.41774407207, 40.057630902138], [116.4176183093, 40.057196008111], [116.41751949569, 40.054400193991], [116.41760034319, 40.053551072], [116.41786085178, 40.052729553583], [116.41833695371, 40.052039194255], [116.41901068284, 40.051293598263], [116.41994492057, 40.049954266298], [116.42145407382, 40.047171960984], [116.42169661631, 40.04640559872], [116.42227153184, 40.043913135271], [116.42258593877, 40.043284826666], [116.42353814261, 40.041945336089], [116.42371780371, 40.041551769383], [116.42436458368, 40.038990077497], [116.42451729561, 40.037864559554], [116.42453526172, 40.035799910476], [116.42444543117, 40.033424450315], [116.4240591598, 40.031249173821], [116.42408610897, 40.028486817175], [116.42402322758, 40.025330686702], [116.42289136264, 40.019964236427], [116.42267576932, 40.018223674698], [116.42267576932, 40.017173790431], [116.42282848126, 40.015661099602], [116.42388848176, 40.010100461593], [116.42388848176, 40.010093553684], [116.42388848176, 40.010107369501], [116.42394238009, 40.009775789116], [116.42557729612, 40.009768881174], [116.42557729612, 40.009768881174], [116.42561322834, 40.009727433507], [116.42565814361, 40.009119531483], [116.42523594002, 40.009105715465], [116.42523594002, 40.009112623474], [116.4142766128, 40.008939923023], [116.39812507973, 40.008504715931], [116.39812507973, 40.00849780786], [116.39813406279, 40.00849780786], [116.39860118165, 40.008525440142], [116.39861914776, 40.008525440142], [116.39860118165, 40.008739589947], [116.39860118165, 40.00875340604], [116.39940067355, 40.008781038218], [116.39942762272, 40.008781038218], [116.39942762272, 40.008781038218], [116.39990372464, 40.0089606471], [116.39990372464, 40.008953739075], [116.39992169075, 40.009057359378], [116.39993067381, 40.009147163512], [116.3999127077, 40.009513286826], [116.39992169075, 40.009582366474], [116.39992169075, 40.009603090355], [116.39989474159, 40.010148816935], [116.39988575853, 40.010314606417], [116.39987677548, 40.010404408884], [116.3997510127, 40.010977760288], [116.39969711437, 40.011164271144], [116.39970609743, 40.011212625727], [116.40004745352, 40.011219533521], [116.40074813182, 40.011240256901], [116.40081101321, 40.011240256901], [116.40250881062, 40.011288611429], [116.40271542089, 40.011288611429], [116.4029130481, 40.011295519216], [116.40311067531, 40.011323150357], [116.40319152281, 40.011323150357], [116.40319152281, 40.011371504826], [116.40337118391, 40.012234971674], [116.40348796363, 40.012207340906], [116.40350592974, 40.012207340906]], [[116.40350592974, 40.012207340906], [116.40348796363, 40.012207340906], [116.40337118391, 40.012234971674], [116.40319152281, 40.011371504826], [116.40319152281, 40.011323150357], [116.40318253975, 40.011281703642], [116.40305677698, 40.010210988039], [116.4030118617, 40.008863934684], [116.40292203115, 40.008863934684], [116.40266152256, 40.008857026649], [116.4024728784, 40.008850118614], [116.40200575953, 40.00883630254], [116.40155660678, 40.008822486464], [116.40155660678, 40.008822486464], [116.39333711136, 40.008539256279], [116.38880965159, 40.008262933005], [116.3886479566, 40.008159311487], [116.36347743621, 40.006957290289], [116.35023641299, 40.006439171124], [116.34496335965, 40.006294097047], [116.3445142069, 40.00529238661], [116.34402013886, 40.004504824553], [116.34062454404, 40.001817372807], [116.33957352659, 40.001036679178], [116.33931301799, 40.000933046604], [116.33939386549, 39.99848036274], [116.32245182357, 39.998121088914], [116.32226317941, 39.99807963412], [116.32247877274, 39.99554393428], [116.32248775579, 39.99554393428], [116.32247877274, 39.995675212623], [116.32246080663, 39.995834128172], [116.32246080663, 39.995903221772], [116.32244284051, 39.996055227445], [116.32244284051, 39.996089774142], [116.32228114552, 39.996075955465], [116.32184995888, 39.996027590076], [116.32145470445, 39.996034499419], [116.32141877223, 39.996041408762], [116.32084385671, 39.996062136786], [116.32063724644, 39.996041408762], [116.32037673784, 39.996013771386], [116.32015216146, 39.995999952695], [116.31936165262, 39.996006862041], [116.31909216096, 39.996027590076], [116.31907419485, 39.996248688718], [116.31905622874, 39.996483605234], [116.31904724569, 39.996746158024], [116.31904724569, 39.996849797004], [116.31902927958, 39.997084711436], [116.31901131347, 39.997285078985], [116.31901131347, 39.997513082716], [116.3189843643, 39.997893087229], [116.31899334736, 39.997989815311], [116.31894843208, 39.998376726255], [116.31890351681, 39.998846543716], [116.3187238557, 39.999067633159], [116.31838249961, 39.999026178943], [116.31729554994, 39.999033087981], [116.3167835158, 39.999033087981]], [[116.31664948862, 39.999034124337], [116.31628729184, 39.999050706024], [116.31577417973, 39.999060033221], [116.31551259317, 39.999124770844], [116.31538188971, 39.999177141256], [116.31509012009, 39.999202428274], [116.31509012009, 39.999202428274], [116.31508976076, 39.999072400392], [116.31507978957, 39.998962684854], [116.31508994042, 39.998632569903], [116.31505984719, 39.998573220895], [116.31505984719, 39.998573220895], [116.31423448409, 39.998537915466], [116.31369118891, 39.998487755469], [116.31349005831, 39.998471450008], [116.31289645803, 39.99845210454], [116.31228273571, 39.998632984448], [116.31213191021, 39.998755620473], [116.31193077961, 39.99888917258], [116.31152842857, 39.998986244692], [116.31139772512, 39.999018509911], [116.3113776929, 39.999018855363], [116.31133753865, 39.999019546266], [116.3112571403, 39.999011048148], [116.31111637583, 39.998993568276], [116.31111637583, 39.998993568276], [116.31102474867, 39.999674865419], [116.31097453339, 39.999845724078], [116.31095450118, 40.000026047549], 